﻿<?xml version="1.0" encoding="utf-8" ?>
<ENVELOPE>
  <HEADER>
    <VERSION>1</VERSION>
    <TALLYREQUEST>Import</TALLYREQUEST>
    <TYPE>Data</TYPE>
    <ID>All Masters</ID>
  </HEADER>
  <BODY>
    <DESC>
      <STATICVARIABLES>
        <SVCURRENTCOMPANY>$$SysName:XML</SVCURRENTCOMPANY>
      </STATICVARIABLES>
    </DESC>
    <DATA>
      <TALLYMESSAGE>
        <LEDGER NAME="" Action="Create">
          <NAME></NAME>
          <NAME.LIST>
            <NAME></NAME>
            <NAME></NAME>
          </NAME.LIST>
          <PARENT>Bank Accounts</PARENT>
          <OPENINGBALANCE>0</OPENINGBALANCE>
          <ADDRESS.LIST>
            <ADDRESS></ADDRESS>
            <ADDRESS>[Place]</ADDRESS>
            <ADDRESS></ADDRESS>
          </ADDRESS.LIST>
		  <PAYMENTDETAILS.LIST>
			  <IFSCODE></IFSCODE>
			  <BANKNAME></BANKNAME>
			  <ACCOUNTNUMBER></ACCOUNTNUMBER>
			  <PAYMENTFAVOURING></PAYMENTFAVOURING>
			  <TRANSACTIONNAME></TRANSACTIONNAME>
			  <SETASDEFAULT>Yes</SETASDEFAULT>
			  <DEFAULTTRANSACTIONTYPE>Inter Bank Transfer</DEFAULTTRANSACTIONTYPE>
		 </PAYMENTDETAILS.LIST>
          <MAILINGNAME.LIST TYPE="String">
            <MAILINGNAME></MAILINGNAME>
          </MAILINGNAME.LIST>
          <EMAIL></EMAIL>
          <LEDGERPHONE></LEDGERPHONE>
          <LEDGERMOBILE></LEDGERMOBILE>
          <LEDGERCONTACT></LEDGERCONTACT>
          <ISBILLWISEON>No</ISBILLWISEON>
          <ISCOSTCENTRESON>No</ISCOSTCENTRESON>
          <ISINTERESTON>No</ISINTERESTON>
          <ISCONDENSED>No</ISCONDENSED>
          <AFFECTSSTOCK>No</AFFECTSSTOCK>
          <FORPAYROLL>No</FORPAYROLL>
          <CREDITLIMIT>0</CREDITLIMIT>
          <ISCREDITDAYSCHKON></ISCREDITDAYSCHKON>
          <LEDGERFAX></LEDGERFAX>
          <STATENAME></STATENAME>
          <GSTREGISTRATIONTYPE>[IsRegistered]</GSTREGISTRATIONTYPE>
          <PARTYGSTIN>[GST]</PARTYGSTIN>
          <GSTNATUREOFSUPPLY>[PARTYTYPE]</GSTNATUREOFSUPPLY>
          <OVERRIDECREDITLIMIT></OVERRIDECREDITLIMIT>
          <BILLCREDITPERIOD>0</BILLCREDITPERIOD>
          <PINCODE></PINCODE>
          <INCOMETAXNUMBER>12333ADCF3</INCOMETAXNUMBER>
          <VATTINNUMBER>222</VATTINNUMBER>
          <SALESTAXNUMBER></SALESTAXNUMBER>
          <VATDEALERNATURE.LIST DESC="VATDealerNature" ISLIST="No" TYPE="String" INDEX="10031">
            <VATDEALERNATURE DESC="VATDealerNature">Unregistered</VATDEALERNATURE>
          </VATDEALERNATURE.LIST>
          <NARRATION></NARRATION>          
        </LEDGER>
      </TALLYMESSAGE>
    </DATA>
  </BODY>
</ENVELOPE>

